ISBN13,Role,Name
9781405292382,By (author),Adam Hargreaves
9781405292382,", From an idea by",Roger Hargreaves
9780857074416,By (author),Sarah Kilbride
9780857074416,", Illustrated by",Sophie Tilley
9780744588583,By (author),Durant Alan
9780744588583,", By (author)",Cabban Vanessa
9780141386645,By (author),Abie Longstaff
9780141386645,", Illustrated by",Lauren Beard
9780552561860,By (author),Abie Longstaff
9780552561860,", Illustrated by",Lauren Beard
9780552575195,By (author),Abie Longstaff
9780552575195,", Designed by",Lauren Beard
9781409580454,By (author),Susanna Davidson
9781409580454,", Illustrated by",Lorena Alvarez
9781447240204,By (author),Julia Donaldson
9781447240204,", Illustrated by",Lydia Monks
9781447210856,By (author),Julia Donaldson
9781447210856,", Illustrated by",Lydia Monks
9780340997130,By (author),Emma Thomson
9781848798823,By (author),Tim Bugbird
9781848798823,", By (author)",Lara Ede
9781785984310,By (author),Sarah Creese
9781785984310,", Illustrated by",Lara Ede
9781780653297,By (author),T Bugbird
9781780656199,By (author),Tim Bugbird
9781846162992,By (author),James Mayhew
9781481435857,Adapted by,Kara McMahon
9781481435857,", By (author)",Charles M Schulz
9781481435857,", Illustrated by",Scott Jeralds
9781405217880,By (author),Julia Donaldson
9781405217880,", Illustrated by",Pam Smy
9781405288828,By (author),Adam Hargreaves
9781405288828,", From an idea by",Roger Hargreaves
9780141382418,By (author),Lauren Child
9780747541936,By (author),Faustin Charles
9780747541936,", Illustrated by",Michael Terry
9780749717780,By (author),Julia Donaldson
9780749717780,", Illustrated by",Axel Scheffler
9781407115597,By (author),Julia Donaldson
9781407115597,", Illustrated by",Axel Scheffler
9781409536963,By (author),Mary Sebag-Montefiore
9781409536963,", Illustrated by",Alan Marks
9780744598612,By (author),Martin Waddell
9780744598612,", Illustrated by",Jill Barton
9781407115566,By (author),Julia Donaldson
9781407115566,", Illustrated by",Axel Scheffler
9781407124377,By (author),Julia Donaldson
9781407124377,", Illustrated by",Axel Scheffler
9780745945040,By (author),Christina Goodings
9780745945040,", Illustrated by",Alex Ayliffe
9780241255162,By (author),Carl-Johan Forssen Ehrlin
9780241255162,", Illustrated by",Irina Maununen
9781910851203,By (author),Chris Capstick
9781910851203,", Illustrated by",Monika Filipina
9780007119714,By (author),Nick Butterworth
9780007236336,By (author),Michael Bond
9780007236336,", Illustrated by",R. W. Alley
9780141501765,By (author),Roald Dahl
9780141501765,", Illustrated by",Quentin Blake
9780723269830,By (author),Beatrix Potter
9781407109275,By (author),Julia Donaldson
9781407109275,", Illustrated by",Axel Scheffler
9780333710937,By (author),Julia Donaldson
9780333710937,", Illustrated by",Axel Scheffler
9780330532495,By (author),Unknown
9780007347056,By (author),Judith Kerr
9780007171286,By (author),Judith Kerr
9780007586776,By (author),Judith Kerr
9781405034692,By (author),Julia Donaldson
9781405034692,", Illustrated by",Axel Scheffler
9781447202745,By (author),NORAC CARL OFTEDA
9781444902631,By (author),Fiona Roberton
9781845063795,By (author),Gillian Lobel
9781845063795,", By (author)",Tim Warnes
9780747550785,By (author),Bruce Robinson
9780747550785,", Illustrated by",Sophie Windham
9780141333748,By (author),Lauren Child
9781408828007,By (author),Neil Gaiman
9781408828007,", Illustrated by",Adam Rex
9781444937329,By (author),Kes Gray
9781444937329,", Illustrated by",Jim Field
9780333493595,By (author),Jill Murphy
9781406304589,By (author),Petr Horacek
9781408849828,By (author),Patricia Cleveland-Peck
9781408849828,", Illustrated by",David Tazzyman
9780333633397,By (author),Rod Campbell
9781405225502,By (author),Peter Bently
9781405225502,", Illustrated by",Lynne Chapman
9781408312513,By (author),Margaret Mayo
9781408312513,", Illustrated by",Alex Ayliffe
9781846168840,By (author),Lauren Child
9781406300390,By (author),Sam McBratney
9781406300390,", Illustrated by",Anita Jeram
9781408330036,By (author),Lemony Snicket
9781408330036,", Illustrated by",Jon Klassen
9781406329988,By (author),Niamh Sharkey
9780141332888,By (author),Julia Donaldson
9780141332888,", Illustrated by",Charlotte Voake
9780230743083,By (author),Julia Donaldson
9780230743083,", Illustrated by",Emily Gravett
9780007140091,By (author),Theo
9780007140091,", Illustrated by",Michael Dudok De Wit
9780399165337,By (author),Eric Carle
9780670886241,By (author),Allan Ahlberg
9780670886241,", By (author)",Janet Ahlberg
9780140569322,By (author),Eric Carle
9781406300741,By (author),Jill Murphy
9781405090223,By (author),Emily Gravett
9780307176073,By (author),Lynette Ruschak
9780307176073,", By (author)",May Rousseau
9780099408390,By (author),Maurice Sendak
9780744596977,By (author),Jeram Anita
9780744586602,By (author),McBratney Sam
9780744586602,", By (author)",JERAM ANITA
9780571365609,By (author),Eoin McLaughlin
9780571365609,", Illustrated by",Polly Dunbar
9781849560993,By (author),Rebecca Elliott
9781408311257,By (author),Alan Durant
9781408311257,", Illustrated by",Simon Rickerty
9781408331705,By (author),Rachel Bright
9781787008571,By (author),Sally Hopgood
9781787008571,", Illustrated by",Emma Levey
9781442406629,Adapted by,Kama Einhorn
9781442406629,", Illustrated by",Jared Osterhold
9781783931620,By (author),Fiona Boon
9781783931620,", Illustrated by",Clare Fennell
9781788000864,By (author),Camilla Reid
9781788000864,", Illustrated by",Axel Scheffler
9781840113723,By (author),Liane Payne
9780230015838,By (author),Emily Gravett
9781849563048,By (author),Oakley Graham
9781849563048,", Illustrated by",Fenix
9781509827466,By (author),Sue Hendra
9781509827466,", By (author)",Paul Linnet
9781783938094,By (author),Make Believe Ideas
9780744575521,By (author),Emmett Jonathan
9780744575521,", By (author)",Cabban Vanessa
9781910851012,By (author),Paul Brown
9781910851012,", Illustrated by",Rowena Blyth
9780007155156,By (author),Nick Butterworth
9780141382098,By (author),Ian Whybrow
9780141382098,", Illustrated by",Adrian Reynolds
9780007120178,By (author),Nick Butterworth
9781407166902,By (author),Abie Longstaff
9781407166902,", Illustrated by",Migy Blanco
9781841215839,By (author),Lauren Child
9780007494002,By (author),David Walliams
9780007494002,", Illustrated by",Tony Ross
9780230703810,By (author),Peter Yarrow
9780230703810,", By (author)",Lenny Lipton
9780230703810,", Illustrated by",Eric Puybaret
9780340877890,By (author),Lauren Child
9781840118605,By (author),Angela Mcallister/Grahame Baker-Smith
9781840118605,", Illustrated by",Grahame Baker-Smith
9780857631671,By (author),Penny Dale
9781782951780,By (author),Tom Fletcher
9781782951780,", By (author)",Dougie Poynter
9781782951780,", Illustrated by",Garry Parsons
9780141501321,By (author),Giles Andreae
9780141501321,", Illustrated by",Russell Ayto
9780723296287,By (author),Richard Dungworth
9780723296287,", Illustrated by",Sharon Harmer
9780955581106,By (author),Simon Murray
9780340779163,By (author),Lauren Child
9781405091008,By (author),Jonathan Emmett
9781405091008,", Illustrated by",Poly Bernatene
9781849937801,By (author),Eric James
9781849937801,", Illustrated by",Marina Le Ray
9781789055153,By (author),Autumn Publishing
9781445464800,By (author),Parragon Books Ltd
9781472331496,By (author),Parragon Books Ltd
9781474832885,By (author),Parragon Books Ltd
9781781866382,By (author),Parragon Books Ltd
9781474827850,By (author),Parragon Books Ltd
9781472327499,By (author),Parragon Books Ltd
9781407162614,By (author),Scholastic
9781409343981,By (author),DK
9781407561387,By (author),Parragon Books Ltd
9780007318018,By (author),Sophie Smallwood
9780007318018,", Created by",Enid Blyton
9780007318018,", Illustrated by",Robert Tyndall
9781781865798,By (author),Parragon Books Ltd
9781474868518,By (author),Parragon Books Ltd
9781407589152,By (author),Parragon Books Ltd
9781445409955,By (author),Parragon Books Ltd
9781474812399,By (author),Parragon Books Ltd
9781445481555,By (author),Parragon Books Ltd
9781407583884,By (author),Parragon Books Ltd
9781445422480,By (author),Parragon Books Ltd
9781472349446,By (author),Parragon Books Ltd
9781405347426,By (author),Dk
9780001982611,By (author),Enid Blyton
9781472381996,By (author),Parragon Books Ltd
9781406319354,By (author),Helen Oxenbury
9780744567847,By (author),Helen Oxenbury
9781846432750,Illustrated by,Rachel Fuller
9780859537285,Illustrated by,Annie Kubler
9780241422274,By (author),DK
9781848693685,By (author),Jonathan Litton
9781848693685,", Illustrated by",Fhiona Galloway
9781406380903,By (author),Lucy Cousins
9781846460326,By (author),UNKNOWN
9781846460326,", Illustrated by",Kate Merritt
9780746086544,By (author),Claudia Zeff
9780862644949,By (author),David McKee
9781855969278,Translated by,Roger Boore
9781405906739,By (author),In the Night Garden
9781405907750,By (author),In the Night Garden
9781405904148,By (author),BBC
9781405908191,By (author),In the Night Garden
9781405903912,By (author),In the Night Garden
9780723295914,By (author),Eric Hill
9780241206133,By (author),Eric Hill
9781859858929,By (author),Juliet David
9781859858929,", Illustrated by",Marie Allen
9780723263586,By (author),Eric Hill
9780723264644,By (author),Eric Hill
9781447282785,By (author),Rod Campbell
9781409307228,By (author),Mandy Ross
9781409307228,", Illustrated by",Kate Merritt
9780333781395,By (author),Rod Campbell
9781447251811,By (author),Julia Donaldson
9781447251811,", Illustrated by",Rebecca Cobb
9781406339086,By (author),Mary Murphy
9780857633484,By (author),Nosy Crow
9780857633484,", Illustrated by",Sebastien Braun
9781447209959,By (author),Julia Donaldson
9781447209959,", Illustrated by",Anna Currey
9781848695818,By (author),Jonathan Litton
9781848695818,", Illustrated by",Fhiona Galloway
9781860249396,By (author),Su Box
9781860249396,", Illustrated by",Jacqueline East
9781509870325,By (author),Rod Campbell
9781846465819,By (author),Emily Gale
9781846465819,", Illustrated by",Barbara Vagnozzi
9781406358780,By (author),Sam McBratney
9781406358780,", Illustrated by",Anita Jeram
9781509835669,By (author),Peter Curtis
9781509835669,", By (author)",Jeanne Willis
9781509835652,By (author),Peter Curtis
9781509835652,", By (author)",Jeanne Willis
9781406319262,By (author),Sam McBratney
9781406319262,", Illustrated by",Anita Jeram
9781406381573,By (author),Chris Haughton
9781474865784,By (author),Parragon Editors
9781474865784,", Illustrated by",Sarah Ward
9780723263654,By (author),Eric Hill
9781406331264,By (author),Mem Fox
9781406331264,", Illustrated by",Helen Oxenbury
9780241303795,By (author),Eric Hill
9781407139630,By (author),Helen Stephens
9780241137857,By (author),Eric Carle
9780141381138,By (author),Lynley Dodd
9780805047905,By (author),Bill Martin Jr
9780805047905,", By (author)",Eric Carle
9780241327050,By (author),Eric Hill
9780723263272,By (author),Eric Hill
9780723263197,By (author),Eric Hill
9781407171593,By (author),Helen Stephens
9781909090637,Illustrated by,Sarah Lawrence
9781447273431,By (author),Julia Donaldson
9781447273431,", Illustrated by",Axel Scheffler
9781405053105,By (author),Ian Whybrow
9781405053105,", Illustrated by",Axel Scheffler
9781405297851,By (author),Farshore
9781405297851,", Illustrated by",Dan Crisp
9781910851227,By (author),Adam Bestwick
9781910851227,", Illustrated by",Claire Evans
9781409308577,By (author),Amanda Archer
9781474933841,By (author),Anna Milbourne
9781474933841,", Illustrated by",Simona Dimitri
9781509832637,By (author),Campbell Books
9781509832637,", Illustrated by",Chorkung
9780230753129,By (author),Julia Donaldson
9780230753129,", Illustrated by",Axel Scheffler
9780230753099,By (author),Julia Donaldson
9780230753099,", Illustrated by",Axel Scheffler
9781447273424,By (author),Julia Donaldson
9781447273424,", Illustrated by",Axel Scheffler
9780230753112,By (author),Julia Donaldson
9780230753112,", Illustrated by",Axel Scheffler
9781447273417,By (author),Julia Donaldson
9781447273417,", Illustrated by",Axel Scheffler
9780230753105,By (author),Julia Donaldson
9780230753105,", Illustrated by",Axel Scheffler
9781843650959,By (author),Werner Holzwarth
9781857074291,By (author),David Clement-Davies
9781857074291,", By (author)",Tracey English
9781449418762,By (author),Paula Hannigan
9781449418762,", Illustrated by",Shannon Chandler
9781848772656,By (author),Alice Corrie
9781447285502,By (author),Julia Donaldson
9781447285502,", Illustrated by",Lydia Monks
9781471163746,By (author),Claire Freedman
9781471163746,", Illustrated by",Ben Cort
9781405283342,By (author),Julia Donaldson
9781405283342,", Illustrated by",Lucy Richards
9780333965689,By (author),Julia Donaldson
9780333965689,", Illustrated by",Axel Scheffler
9780230760219,By (author),Julia Donaldson
9780230760219,", Illustrated by",Axel Scheffler
9780230757370,By (author),Julia Donaldson
9780230757370,", Illustrated by",Lydia Monks
9781788002516,By (author),Camilla Reid
9781788002516,", Illustrated by",Axel Scheffler
9780008159757,By (author),Michael Bond
9780008159757,", Illustrated by",R. W. Alley
9781407139326,By (author),Julia Donaldson
9781407139326,", Illustrated by",Axel Scheffler
9780857072252,By (author),Ian Falconer
9781471122149,By (author),Claire Freedman
9781471122149,", Illustrated by",Ben Cort
9781405051286,By (author),Julia Donaldson
9781405051286,", Illustrated by",Axel Scheffler
9781409304876,By (author),Peppa Pig
9780241244999,By (author),Peppa Pig
9780241411827,By (author),Peppa Pig
9781409304616,By (author),Peppa Pig
9781409309062,By (author),Collectif
9780241210963,By (author),Peppa Pig
9780723271710,By (author),Peppa Pig
9780718197193,By (author),Peppa Pig
9780723271307,By (author),Peppa Pig
9781785577734,By (author),Sin autor
9780857809711,By (author),Sin autor
9781839035296,By (author),Igloo Books
9781839039027,By (author),Igloo Books
9781409302193,By (author),Andrea Pinnington
9781409302209,By (author),Andrea Pinnington
9789351032175,By (author),Geronimo Stilton
9780545340977,By (author),Geronimo Stilton
9789351033721,By (author),Geronimo Stilton
9780439841191,By (author),Geronimo Stilton
9780439559652,By (author),"Stilton, Geronimo"
9780545481915,By (author),Geronimo Stilton
9780439559737,By (author),Geronimo Stilton
9780545103718,By (author),Geronimo Stilton
9780545481946,By (author),Geronimo Stilton
9780545393515,By (author),Geronimo Stilton
9780545253079,By (author),Geronimo Stilton
9780439661621,By (author),Geronimo Stilton
9789351039525,By (author),Geronimo Stilton
9780439559638,By (author),Geronimo Stilton
9780545393492,By (author),Geronimo Stilton
9781597071918,By (author),Geronimo Stilton
9781597073486,By (author),Geronimo Stilton
9781597072397,By (author),Geronimo Stilton
9789351033103,By (author),Thea Stilton
9780545103671,By (author),Thea Stilton
9780545341059,By (author),Thea Stilton
9780545227728,By (author),Thea Stilton
9780545150613,By (author),Thea Stilton
9781406335842,By (author),Megan McDonald
9781406335842,", Illustrated by",Peter H. Reynolds
9780744593624,By (author),McDonald Megan
9780744593624,", By (author)",Reynolds Peter H
9781406335866,By (author),Megan McDonald
9781406335866,", Illustrated by",Peter H. Reynolds
9781406302165,By (author),McDonald Megan
9781406302165,", By (author)",Reynolds Peter H
9781406302158,By (author),McDonald Megan
9781406302158,", By (author)",Reynolds Peter H
9781406302301,By (author),McDonald Megan
9781406302301,", By (author)",Reynolds Peter H
9781406335880,By (author),Megan McDonald
9781406335880,", Illustrated by",Peter H. Reynolds
9789351032991,By (author),L. Pichon
9781407124414,By (author),Liz Pichon
9780439049962,By (author),Dav Pilkey
9780439049986,By (author),"Pilkey, Dav"
9780439950435,By (author),Dav Pilkey
9780439014571,By (author),Dav Pilkey
9780439995443,By (author),Dav Pilkey
9780439977722,By (author),Dav Pilkey
9780439951340,By (author),Dav Pilkey
9781407132747,By (author),Dav Pilkey
9781407134673,By (author),Dav Pilkey
9780545027274,By (author),Dav Pilkey
9780141357027,By (author),Jeff Kinney
9780141331010,By (author),Jeff Kinney
9780141331980,By (author),Jeff Kinney
9780141331980,", By (author)",Carmen McCullough
9780141350677,By (author),Jeff Kinney
9780141341880,By (author),Jeff Kinney
9780141354217,By (author),Jeff Kinney
9780141324913,By (author),Jeff Kinney
9780141365091,By (author),Jeff Kinney
9780141373010,By (author),JEFF KINNEY
9780141344980,By (author),Jeff Kinney
9781849158374,By (author),Roger Priddy
9781857141221,By (author),Steve Lavis
9781781978115,By (author),Igloo Books
9781909090859,By (author),Philip Dauncey
9781909090859,", Illustrated by",Fhiona Galloway
9781840880793,By (author),Susan Hood
9781840880793,", By (author)",Cathy Couri
9780746053089,Illustrated by,Stephen Cartwright
9781474945585,By (author),Sam Taplin
9781474945585,", Illustrated by",Stephen Barker
9781861473912,By (author),Jane Wolfe
9781861473912,", Illustrated by",The Toy Box
9780746097793,By (author),Felicity Brooks
9780746097793,", Illustrated by",Jo Litchfield
9780746041017,By (author),Ray Gibson
9781846167843,By (author),Lauren Child
9780862644956,By (author),David McKee
9780747575368,By (author),Frances Thomas
9780747575368,", Illustrated by",Ross Collins
9780745965581,By (author),Rebecca Elliott
9781444903959,By (author),Mick Inkpen
9780230747753,By (author),Rod Campbell
9781447287896,By (author),Julia Donaldson
9781447287896,", Illustrated by",Nick Sharratt
9781447267072,By (author),Julia Donaldson
9781447267072,", Illustrated by",Axel Scheffler
9781447282525,By (author),Rod Campbell
9780230753167,By (author),Julia Donaldson
9780230753167,", Illustrated by",Axel Scheffler
9780746067031,By (author),Felicity Brooks
9780007935277,By (author),Richard Scarry
9780007935192,By (author),Richard Scarry
9781406319477,By (author),Helen Oxenbury
9780857809674,By (author),-
9780857630780,By (author),Camilla Reid
9780857630780,", Illustrated by",Axel Scheffler
9781783446322,By (author),Tony Ross
9781338163001,By (author),Rebecca Elliott
9781509842742,By (author),Jo Lodge
9780230713109,Illustrated by,Emma Dodd
9781782448914,By (author),Susan Mayes
9781405053112,By (author),Neil Goddard
9781405053112,", Illustrated by",Nick Sharratt
