Name,Id
Mr. Men & Little Miss Magic,482836
Princess Evie's Ponies,428058
The Fairytale Hairdresser,522416
The Fairytale Hairdresser,522416
The Fairytale Hairdresser,522416
Picture Books,14386
SUPER SOUNDS,462905
Princess Mirror-Belle,580490
Felicity Wishes,1150638
Fairy Picture Books,756869
Fairy Picture Books,756869
Fairy Picture Books,756869
Ella Bella Ballerina,432411
Peanuts,3842
Blue Bananas (Egmont Press),239781
Mr. Men and Little Miss Picture Books,737807
The Selfish Crocodile,461130
Zog,1201167
Picture Books,14386
Tales from the Bible S.,447813
Tabby McTat,1234707
Der Gr√ºffelo,653514
Mog,233
Mog the Cat Books,232
Charlie and Lola,67287
Oi Frog and Friends,757800
Awesome Engines,488076
Charlie and Lola,67287
Guess How Much I Love You,123000
The Jolly Postman,418994
The Very Hungry Caterpillar,415883
Large Family,646662
Hedgehog & Friends,1098461
Picture Storybooks,422657
Olivia,90141
Christmas Picture Books,654892
Pip and Posy,123208
Picture Storybooks,422657
Christmas Picture Books,654892
A Percy the Park Keeper Story,853995
Clarice Bean,89866
Penny Dale's Dinosaurs,575209
The Dinosaur That Pooped,636561
Captain Flinn and the Pirate Dinosaurs,243861
Skullabones Island,587062
Disney Book of the Film,427914
Disney Book of the Film,427914
LEGO Ninjago - Masters of Spinjitzu,608783
DK Readers Level 1,1121356
Little Treasures,784
New Baby,304168
Baby Board Books,95417
Board Book 200,423572
Usborne Find it Board Books S.,419568
Elmer Picture Books,824135
Little Charley Bear,420423
In the Night Garden,253597
In The Night Garden,1134951
In the Night Garden,253597
In the Night Garden,253597
In the Night Garden,253597
Spot,14465
Lift the Flap (Candle Books),310370
Spot - Original Lift The Flap,1123504
Baby Walker,420282
Can You Say It Too?,1197044
My Little World,323037
Guess How Much I Love You,123000
The World of Dinosaur Roar!,655409
The World of Dinosaur Roar!,655409
Guess How Much I Love You,123000
Spot - Original Lift The Flap,1123504
Hairy Maclary and Friends,415150
Brown Bear and Friends,148817
Peekabooks,480217
Tales From Acorn Wood,1122622
Tom and Bear,734825
Peep Inside,459699
Campbell First Explorers,1248486
Tales From Acorn Wood,1122622
Tales From Acorn Wood,1122622
Tales From Acorn Wood,1122622
Tales From Acorn Wood,1122622
Little Grey Rabbit,428104
Pip and Posy,123208
Paddington,4218
Olivia TV,253633
Campbell Books,24987
Peppa Pig,3957
Peppa Pig,3957
Peppa Pig,3957
Peppa Pig,3957
Peppa Pig,3957
Peppa Pig,3957
Peppa Pig,3957
Peppa Pig,3957
Peppa Pig,3957
Peppa Pig,3957
Funtime Sounds,657534
My First Play Box,756959
SONG SOUNDS,482882
SONG SOUNDS,482882
SONG SOUNDS,482882
Pirate Pete and Princess Polly,575135
Geronimo Stilton,62098
Geronimo Stilton,62098
Geronimo Stilton,62098
Geronimo Stilton,62098
Geronimo Stilton,62098
Geronimo Stilton,62098
Geronimo Stilton,62098
Geronimo Kingdom of Fantasy,1190245
Geronimo Kingdom of Fantasy,1190245
Geronimo Stilton,62098
Geronimo Stilton,62098
Creepella Von Cacklefur,84759
Geronimo Stilton,62098
Geronimo Stilton,62098
Thea Stilton,89521
Thea Stilton,89521
Thea Stilton,89521
Thea Stilton,89521
Judy Moody,90251
Judy Moody,90251
Judy Moody,90251
Tom Gates,415928
Captain Underpants,62104
Captain Underpants,62104
Captain Underpants,62104
Captain Underpants,62104
Captain Underpants,62104
Captain Underpants,62104
Captain Underpants,62104
Captain Underpants,62104
Diary of a Wimpy Kid,14562
Diary of a Wimpy Kid,14562
Diary of a Wimpy Kid,14562
Diary of a Wimpy Kid,14562
Diary of a Wimpy Kid,14562
Diary of a Wimpy Kid,14562
Diary of a Wimpy Kid,14562
Diary of a Wimpy Kid,14562
Puffin Books,14097
Baby Basics,35574
Tiny Tots Shoe Book,756946
Flip Flaps,124335
Usborne Baby Books,757041
Pull-the-Lever Picture Book,557894
Usborne Baby Board Books,113319
Charlie and Lola,67287
Elmer Picture Books,824135
Wibbly Pig,32066
Early Starters,500564
MY FIRST GRUFFALO,460162
Usborne Look and Say,143761
POTTY SOUND,462914
Pip and Posy,123208
Little Princess,415273
Owl Diaries,539805
Wiggle and Giggle,689595
Pull-the-Tab Books,500036
