ABC,0-2
Animals,0-2
Colors,0-2
Family,0-2
Numbers,0-2
Rhymes,0-2
Shapes,0-2
Vehicles,0-2
Animals,3-5
Dinosaurs,3-5
Family,3-5
Festival,3-5
Good Habits,3-5
Magic,3-5
Monsters,3-5
Phonics,3-5
Princess,3-5
Rhymes,3-5
Vehicles,3-5
Words,3-5
Animals,6-8
Cartoons,6-8
Disney,6-8
Magic,6-8
Pirates,6-8
Superhero,6-8
Princess,6-8
Princess,9-11
Magic,9-11
Monsters,9-11
Pirates,9-11
Superhero,9-11
Cartoons,9-11
Biography,12-14
Fantasy Fiction,12-14
Historical Fiction,12-14
History,
Horror,12-14
Humar,12-14
Mystery,12-14
Myth,12-14
Romance,12-14
Science Fiction,12-14
Self Help,12-14
Biography,15+
Comtemporary Fiction,15+
Fantasy Fiction,15+
Historical Fiction,15+
History,15+
Horror,15+
Humar,15+
Mystery,15+
Myth,
Romance,15+
Science Fiction,15+
Self Help,15+