ISBN 13,,
9780723264644,,https://www.bookdepository.com/Spot-Loves-His-Friends-Eric-Hill/9780723264644?ref=grid-view&qid=1656911755583&sr=1-1
9780230706507,,https://www.bookdepository.com/What-Ladybird-Heard-Julia-Donaldson/9780230706507?ref=grid-view&qid=1656911800034&sr=1-9
9781338054200,,https://www.bookdepository.com/Peppa-Big-Train-Peppa-Pig-Scholastic/9781338054200?ref=grid-view&qid=1656911929836&sr=1-2
9780230741690,,https://www.bookdepository.com/Busters-Zoo-Rod-Campbell/9780230741690?ref=grid-view&qid=1656911982466&sr=1-1
9781409309567,,https://www.bookdepository.com/Chicken-Licken-Ladybird-First-Favourite-Tales-Mandy-Ross/9781409309567?ref=grid-view&qid=1656912024127&sr=1-2
9780330512688,,https://www.bookdepository.com/Oh-Dear-Rod-Campbell/9780330512688?ref=grid-view&qid=1656912065499&sr=1-11
9780241327050,,https://www.bookdepository.com/Spot-Plays-Football-Eric-Hill/9780241327050?ref=grid-view&qid=1656912101920&sr=1-1
9780230757493,,https://www.bookdepository.com/Oh-Dear-Rod-Campbell/9780230757493?ref=grid-view&qid=1656912129235&sr=1-5
9780746062609,,https://www.bookdepository.com/Thats-not-my-fairy-Fiona-Watt/9780746062609?ref=grid-view&qid=1656912166742&sr=1-1
9780241303795,,https://www.bookdepository.com/Spot-Loves-His-Mum-Eric-Hill/9780241303795?ref=grid-view&qid=1656912206761&sr=1-5
9781406358780,,https://www.bookdepository.com/Guess-How-Much-I-Love-You-Sam-McBratney/9781406358780?ref=grid-view&qid=1656912252456&sr=1-1
9780794529987,,https://www.bookdepository.com/Brush-Your-Teeth-Max-Millie-Felicity-Brooks/9780794529987?ref=grid-view&qid=1656912292794&sr=1-2
9781409514244,,https://www.bookdepository.com/Solar-System-Emily-Bone/9781409514244?ref=grid-view&qid=1656912332627&sr=1-1
9781409311744,,https://www.bookdepository.com/Ladybird-Skullabones-Island-All-Aboard-Pirate-Ship-Fiona-Munro/9781409311744?ref=grid-view&qid=1656912381275&sr=1-28
9780241255162,,https://www.bookdepository.com/Rabbit-Who-Wants-Fall-Asleep-Carl-Johan-Forssen-Ehrlin/9780241255162?ref=grid-view&qid=1656912504176&sr=1-1
9780745945248,,https://www.bookdepository.com/Looking-High-Low-for-One-Lost-Sheep-Christina-Goodings/9780745945248?ref=grid-view&qid=1656912568782&sr=1-1
9780241201503,,https://www.bookdepository.com/Peppa-Pig-Peppas-Post-Peppa-Pig/9780241201503?ref=grid-view&qid=1656912624113&sr=1-1
9780007581863,,https://www.bookdepository.com/Slightly-Annoying-Elephant-David-Walliams/9780007581863?ref=grid-view&qid=1656912689589&sr=1-1
9780746087299,,https://www.bookdepository.com/See-Inside-Your-Head-Alex-Frith/9780746087299?ref=grid-view&qid=1656912737688&sr=1-1
9780723288619,,https://www.bookdepository.com/Peppa-Pig-My-Granny-Peppa-Pig/9780723288619?ref=grid-view&qid=1656912926298&sr=1-1
9780241321164,,https://www.bookdepository.com/Peppa-Pig-Peppas-New-Friend-Peppa-Pig/9780241321164?ref=grid-view&qid=1656912996253&sr=1-1
9781409309062,,https://www.bookdepository.com/My-Daddy-Collectif/9781409309062?ref=grid-view&qid=1656913014711&sr=1-2
9780857342003,,https://www.bookdepository.com/Fairy/9780857342003?ref=grid-view&qid=1656913052756&sr=1-1
9781447287896,,https://www.bookdepository.com/Hippo-Has-Hat-Julia-Donaldson/9781447287896?ref=grid-view&qid=1656913080887&sr=1-2
9780718197193,,https://www.bookdepository.com/Peppa-Pig-Peppas-Christmas-Wish-Peppa-Pig/9780718197193?ref=grid-view&qid=1656913110317&sr=1-2
9781409304616,,https://www.bookdepository.com/Peppa-Pig-Peppas-Snowy-Fun-Peppa-Pig/9781409304616?ref=grid-view&qid=1656913139883&sr=1-5
9780603562563,,https://www.bookdepository.com/Thomas-Percy-Squeak/9780603562563?ref=grid-view&qid=1656913169578&sr=1-2
9780803730472,,https://www.bookdepository.com/Gruffalo-Julia-Donaldson/9780803730472?ref=grid-view&qid=1656913228243&sr=1-2
9781509830404,,https://www.bookdepository.com/Gruffalos-Child-Julia-Donaldson/9781509830404?ref=grid-view&qid=1656913256466&sr=1-2
9780333961445,,https://www.bookdepository.com/Smartest-Giant-Town-Julia-Donaldson/9780333961445?ref=grid-view&qid=1656913280644&sr=1-3
9780746064443,,https://www.bookdepository.com/Usborne-Book-Princess-Stories-Combined-Heather-Amery/9780746064443?ref=grid-view&qid=1656913331947&sr=1-1
9781409302193,,https://www.bookdepository.com/Princess-Pollys-Potty-Andrea-Pinnington/9781409302193?ref=grid-view&qid=1656913355953&sr=1-1
9781789059755,,https://www.bookdepository.com/Stories-for-4-Year-Olds-Igloo-Books/9781789059755
9780746067031,,https://www.bookdepository.com/Usborne-Look-and-Say-First-Words-Felicity-Brooks/9780746067031
9780857344953,,https://www.bookdepository.com/Storytime-for-3-Year-Olds/9780857344953
9781409302209,,https://www.bookdepository.com/Pirate-Petes-Potty-Andrea-Pinnington/9781409302209?ref=grid-view&qid=1656913661145&sr=1-2
9780723267058,,https://www.bookdepository.com/Spot-Happy-Christmas-Spot-Eric-Hill/9780723267058?ref=grid-view&qid=1656913757686&sr=1-1
9780241249239,,https://www.bookdepository.com/Peppa-Pig-Best-Friends-Peppa-Pig/9780241249239?ref=grid-view&qid=1656913791803&sr=1-1
9780736424202,,https://www.bookdepository.com/101-Dalmatians-Disney-101-Dalmatians-Justine-Korman/9780736424202?ref=grid-view&qid=1656913819353&sr=1-1
9780001982611,,https://www.bookdepository.com/Noddy-Christmas-Storybook-Enid-Blyton/9780001982611
9781607101895,,https://www.bookdepository.com/Calm-Down-Boris-Sam-Lloyd/9781607101895?ref=grid-view&qid=1656913971974&sr=1-3
9780857349880,,https://www.bookdepository.com/Train/9780857349880
9781406331264,,https://www.bookdepository.com/Ten-Little-Fingers-Ten-Little-Toes-Mem-Fox/9781406331264?ref=grid-view&qid=1656914729232&sr=1-1
9781409562467,,https://www.bookdepository.com/Thats-not-my-lamb-Fiona-Watt/9781409562467?ref=grid-view&qid=1656914755970&sr=1-1
9780746071489,,https://www.bookdepository.com/Thats-not-my-kitten-Fiona-Watt/9780746071489?ref=grid-view&qid=1656914775343&sr=1-1
9781529017571,,https://www.bookdepository.com/Dear-Zoo-Rod-Campbell/9781529017571?ref=grid-view&qid=1656914834815&sr=1-4
9781405908191,,https://www.bookdepository.com/Night-Garden-Snowy-Day-Night-Garden/9781405908191?ref=grid-view&qid=1656914863304&sr=1-1
9781409312079,,https://www.bookdepository.com/Little-Charley-Bear-Ready-Teddy-Go/9781409312079?ref=grid-view&qid=1656914877584&sr=1-1
9780230753129,,https://www.bookdepository.com/Tales-From-Acorn-Wood-Postman-Bear-Julia-Donaldson/9780230753129?ref=grid-view&qid=1656914915364&sr=1-4
9780241243251,,https://www.bookdepository.com/Faces-Baby-Touch-First-Focus-Ladybird/9780241243251?ref=grid-view&qid=1656915174774&sr=1-1
9781844222452,,https://www.bookdepository.com/Wheres-Grandpappa-Wheres-MrMan/9781844222452
9780230753204,,https://www.bookdepository.com/The-Gruffalo-Touch-and-Feel-Book-Julia-Donaldson-Axel-Scheffler/9780230753204
9780718197858,,https://www.bookdepository.com/Peppa-Pig-Happy-Birthday-Peppa-Peppa-Pig/9780718197858?ref=grid-view&qid=1656915340241&sr=1-1
9781405021906,,https://www.bookdepository.com/Chocolate-Mousse-for-Greedy-Goose-Julia-Donaldson/9781405021906?ref=grid-view&qid=1656915381483&sr=1-1
9781405296892,,https://www.bookdepository.com/Spinderella-board-book-Julia-Donaldson/9781405296892?ref=grid-view&qid=1656915408918&sr=1-3
9781509830442,,https://www.bookdepository.com/Snail-Whale-Julia-Donaldson/9781509830442?ref=grid-view&qid=1656915441707&sr=1-2
9780142405802,,https://www.bookdepository.com/Snail-Whale-Julia-Donaldson/9780142405802?ref=grid-view&qid=1656915441707&sr=1-1
9781782445012,,https://www.bookdepository.com/Just-Beyond-the-Waves-Sally-Hopgood-Steph-Hinton/9781782445012
9780230753167,,https://www.bookdepository.com/My-First-Gruffalo-Animal-Actions-Julia-Donaldson/9780230753167?ref=grid-view&qid=1656915801845&sr=1-6
9780857342904,,https://www.bookdepository.com/Here-Comes-Santa/9780857342904?ref=grid-view&qid=1656915836737&sr=1-11
9780689819865,,https://www.bookdepository.com/Tickle-Tickle-Helen-Oxenbury/9780689819865?ref=grid-view&qid=1656915870695&sr=1-1
9781904513407,,https://www.bookdepository.com/Clap-Sing-Emily-Hawkins/9781904513407?ref=grid-view&qid=1656915900960&sr=1-9
9780230706477,,https://www.bookdepository.com/One-Mole-Digging-Hole-Julia-Donaldson/9780230706477?ref=grid-view&qid=1656915933713&sr=1-1
9781910764541,,https://www.bookdepository.com/Big-Tab-World-Shapes-and-Colours/9781910764541
9781474945585,,https://www.bookdepository.com/Whos-up-in-the-Air-Sam-Taplin-Stephen-Barker/9781474945585
9780333493595,,https://www.bookdepository.com/Peace-at-Last-Jill-Murphy/9780333493595
9780333633397,,https://www.bookdepository.com/Lift-the-Flap-Animal-Book-Rod-Campbell/9780333633397
9781472379153,,https://www.bookdepository.com/Collection-of-Nursery-Rhymes-Annabelle-Ozanne/9781472379153
9780861636167,,https://www.bookdepository.com/Secret-Seven-Fireworks-Enid-Blyton/9780861636167
9781843628583,,https://www.bookdepository.com/Clarice-Bean-Spells-Trouble-Lauren-Child/9781843628583
9780141322735,,https://www.bookdepository.com/Georges-Marvellous-Medicine-Roald-Dahl-Quentin-Blake/9780141322735
9781408303801,,https://www.bookdepository.com/Beast-Quest-Stealth-the-Ghost-Panther-Adam-Blade/9781408303801
9781408304419,,https://www.bookdepository.com/Beast-Quest-Trema-the-Earth-Lord-Adam-Blade/9781408304419
9780603562013,,https://www.bookdepository.com/Wishing-Chair-Again-Enid-Blyton/9780603562013?ref=grid-view&qid=1656916903055&sr=1-2
9781408303788,,https://www.bookdepository.com/Beast-Quest-Rashouk-the-Cave-Troll-Adam-Blade/9781408303788
9780007182466,,https://www.bookdepository.com/The-Amazing-Story-of-Adolphus-Tips-Michael-Morpurgo-Michael-Foreman/9780007182466
9780763627881,,https://www.bookdepository.com/Utterly-Me-Clarice-Bean-Lauren-Child/9780763627881?ref=grid-view&qid=1656916981978&sr=1-1
9781406302165,,https://www.bookdepository.com/Jm-Bk-5-Doctor-Judy-Moody-Old-Edition-McDonald-Megan/9781406302165?ref=grid-view&qid=1656917030071&sr=1-2
9781406335859,,https://www.bookdepository.com/Judy-Moody-Predicts-the-Future-Megan-McDonald-Peter-H-Reynolds/9781406335859
9781407132747,,https://www.bookdepository.com/Captain-Underpants-and-the-Terrifying-Return-of-Tippy-Tinkletrousers-Dav-Pilkey/9781407132747
9781846169984,,https://www.bookdepository.com/Beast-Quest-Skor-the-Winged-Stallion-Adam-Blade/9781846169984
9780340681121,,https://www.bookdepository.com/Famous-Five-Five-Go-Off-Camp-Enid-Blyton/9780340681121
9781444908657,,https://www.bookdepository.com/Famous-Five-Five-On-Treasure-Island-Enid-Blyton/9781444908657
9780141340821,,https://www.bookdepository.com/Diary-Wimpy-Kid-Ugly-Truth-Book-5-Jeff-Kinney/9780141340821?ref=grid-view&qid=1656917280305&sr=1-1
9780141341880,,https://www.bookdepository.com/Diary-Wimpy-Kid-Cabin-Fever-Jeff-Kinney/9780141341880?ref=grid-view&qid=1656917398159&sr=1-2
9781405272926,,https://www.bookdepository.com/Upper-Fourth-at-Malory-Towers-Enid-Blyton/9781405272926?ref=grid-view&qid=1656917499348&sr=1-3
9781444913446,,https://www.bookdepository.com/Secret-Seven-Secret-Seven-Adventure-Enid-Blyton/9781444913446?ref=grid-view&qid=1656917575407&sr=1-14
9780857631930,,https://www.bookdepository.com/The-Rescue-Princesses--The-Ice-Diamond/9780857631930
9781409310341,,https://www.bookdepository.com/LEGO-Ninjago-ColeJay-2-in-1-Ninja-Handbook/9781409310341
9780007478330,,https://www.bookdepository.com/Merry-Meerkat-Madness-Ian-Whybrow/9780007478330?ref=grid-view&qid=1656917815239&sr=1-1
9780007592753,,https://www.bookdepository.com/Paddington-The-Story-of-the-Movie/9780007592753
9780060871215,,https://www.bookdepository.com/My-Sister-Vampire-4-Vampalicious-Sienna-Mercer/9780060871215?ref=grid-view&qid=1656917866474&sr=1-2
9780746085592,,https://www.bookdepository.com/Boy-who-cried-Wolf-Mairi-Mackinnon/9780746085592?ref=grid-view&qid=1656917900812&sr=1-1
9780007467686,,https://www.bookdepository.com/Panda-Panic-Jamie-Rix/9780007467686?ref=grid-view&qid=1656917916431&sr=1-1
9780141322636,,https://www.bookdepository.com/James-and-the-Giant-Peach-Roald-Dahl-Quentin-Blake/9780141322636
9781444908657,,https://www.bookdepository.com/Famous-Five-Five-On-Treasure-Island-Enid-Blyton/9781444908657
9780590132695,,https://www.bookdepository.com/My-Hairiest-Adventure-R-L-Stine/9780590132695
9780006751038,,https://www.bookdepository.com/The-Butterfly-Lion-Michael-Morpurgo/9780006751038
9781598200348,,https://www.bookdepository.com/Judy-Moody-es-doctora-Judy-Moody-M-D-Doctor-Is-Megan-McDonald/9781598200348?ref=grid-view&qid=1656918132553&sr=1-10
9781405268035,,https://www.bookdepository.com/Barry-Loser-Case-Crumpled-Carton-Jim-Smith/9781405268035?ref=grid-view&qid=1656918207461&sr=1-1
9780794514662,,https://www.bookdepository.com/Stories-Knights-Castles-Anna-Milbourne/9780794514662?ref=grid-view&qid=1656918441776&sr=1-1
9780746076941,,https://www.bookdepository.com/1001-Pirate-Things-Spot-Rob-Lloyd-Jones-Teri-Gower/9780746076941
9780746047132,,https://www.bookdepository.com/Childrens-Picture-Atlas-Ruth-Brocklehurst-Linda-Edwards/9780746047132
9780385606066,,https://www.bookdepository.com/Best-Friends-Jacqueli-Wilson/9780385606066
9780141357270,,https://www.bookdepository.com/Girl-Online-Zoe-Sugg/9780141357270
9780857533197,,https://www.bookdepository.com/Little-Stars-Jacqueline-Wilson-Nick-Sharratt/9780857533197
9780008164652,,https://www.bookdepository.com/Bad-Dad-David-Walliams-Tony-Ross/9780008164652
9780007453566,,https://www.bookdepository.com/Demon-Dentist-David-Walliams-Tony-Ross/9780007453566
9780007297801,,https://www.bookdepository.com/Book-Eleventh-Grim-Grotto-Lemony-Snicket/9780007297801?ref=grid-view&qid=1656919680917&sr=1-10
9780440868354,,https://www.bookdepository.com/Hetty-Feather-Jacqueline-Wilson/9780440868354
9780141331010,,https://www.bookdepository.com/The-Wimpy-Kid-Movie-Diary-Jeff-Kinney/9780141331010
9780857071187,,https://www.bookdepository.com/Dork-Diaries-Pop-Star-Rachel-Renee-Russell/9780857071187?ref=grid-view&qid=1656919821399&sr=1-2
9780571302543,,https://www.bookdepository.com/Squishy-McFluff-Meets-Mad-Nana-Dot-Pip-Jones/9780571302543?ref=grid-view&qid=1656919856558&sr=1-5
9781402279959,,https://www.bookdepository.com/Horrid-Henry-Robs-Bank-Francesca-Simon/9781402279959?ref=grid-view&qid=1656919886217&sr=1-2
9781402259340,,https://www.bookdepository.com/Horrid-Henry-Wakes-Dead-Francesca-Simon/9781402259340?ref=grid-view&qid=1656919930474&sr=1-1
9780563368090,,https://www.bookdepository.com/Well-Done-Noddy-Enid-Blyton-Mary-Cooper-Stella-Maidment/9780563368090
9780439978668,,https://www.bookdepository.com/Horrible-Science-Space-Stars-and-Slimy-Aliens-Nick-Arnold-Tony-De-Saulles/9780439978668
9780590558075,,https://www.bookdepository.com/Horrible-Science-Blood-Bones-and-Body-Bits-Nick-Arnold-Tony-De-Saulles/9780590558075
9780142413838,,https://www.bookdepository.com/Going-Solo-Roald-Dahl/9780142413838?ref=grid-view&qid=1656920062694&sr=1-1
9780749746681,,https://www.bookdepository.com/Amelia-Jane-Again-Enid-Blyton/9780749746681
9781409507895,,https://www.bookdepository.com/Animal-Rhymes-Felicity-Brooks-Giuliana-Gregori/9781409507895
9780746097007,,https://www.bookdepository.com/Count-Monte-Cristo-Rob-Lloyd-Jones/9780746097007?ref=grid-view&qid=1656920340674&sr=1-8
9780746085622,,https://www.bookdepository.com/Robin-Hood-Rob-Lloyd-Jones/9780746085622?ref=grid-view&qid=1656920369167&sr=1-7
9780448442556,,https://www.bookdepository.com/My-Wobbly-Tooth-Must-Not-Ever-Never-Fall-Out-Lauren-Child/9780448442556?ref=grid-view&qid=1656920408756&sr=1-1
9781784409104,,https://www.bookdepository.com/Snow-Princess/9781784409104
9781472391025,,https://www.bookdepository.com/Disney-Pixar-Inside-Out/9781472391025
9781405275552,,https://www.bookdepository.com/Disney-Frozen-Annual-2015/9781405275552
9780857803054,,https://www.bookdepository.com/Can-You-Find-1001-Pirates-and-Other-Things/9780857803054
9781405347426,,https://www.bookdepository.com/Cars-The-Essential-Guide-Dk/9781405347426
9780340779163,,https://www.bookdepository.com/Beware-of-the-Storybook-Wolves-Lauren-Child/9780340779163
9780141382418,,https://www.bookdepository.com/Charlie-Lola-Whoops-But-it-Wasnt-Me-Lauren-Child/9780141382418?ref=grid-view&qid=1656921515113&sr=1-6
9781472381996,,https://www.bookdepository.com/Disney-Movie-Collection-Snow-White-Parragon-Books-Ltd/9781472381996
9781472331496,,https://www.bookdepository.com/Disney-Sofia-the-First-Magical-Story-Parragon-Books-Ltd/9781472331496
9781784403065,,https://www.bookdepository.com/The-Penguins-of-Madagascar/9781784403065
9781407162614,,https://www.bookdepository.com/Return-of-the-Djinn-Scholastic/9781407162614
9781409343981,,https://www.bookdepository.com/Angry-Birds-Star-Wars-Reader-Darth-Swindles-Secret-DK/9781409343981
9781445464800,,https://www.bookdepository.com/Disney-Tangled-Magical-Story-with-Amazing-Moving-Picture-Cover-Parragon-Books-Ltd/9781445464800
9781405462945,,https://www.bookdepository.com/Disney-Magical-Story/9781405462945
9781781866382,,https://www.bookdepository.com/Disney-Toy-Story-Magical-Story-Parragon-Books-Ltd/9781781866382
9781680524628,,https://www.bookdepository.com/Treasury-Five-Minute-Stories-Parragon-Books/9781680524628?ref=grid-view&qid=1656922121588&sr=1-1
9781781860359,,https://www.bookdepository.com/Disney-Princess-Cinderella-Magical-Story-Parragon-Books-Ltd/9781781860359
9780007318018,,https://www.bookdepository.com/Noddy-and-the-Farmyard-Muddle-Sophie-Smallwood-Enid-Blyton-Robert-Tyndall/9780007318018
9781842557228,,https://www.bookdepository.com/Horrid-Henry-Early-Reader-Horrid-Henrys-Birthday-Party-Francesca-Simon/9781842557228?ref=grid-view&qid=1656922416317&sr=1-1
9780545103671,,bookdepository.com/Thea-Stilton-Dragons-Code-Thea-Stilton-1-Thea-Stilton/9780545103671?ref=grid-view&qid=1656922466152&sr=1-1
9781405241793,,https://www.bookdepository.com/Mr-Gum-and-the-Dancing-Bear-Andy-Stanton-David-Tazzyman/9781405241793
9781444001143,,https://www.bookdepository.com/Horrid-Henry-Early-Reader-Horrid-Henrys-Author-Visit-Francesca-Simon/9781444001143?ref=grid-view&qid=1656922534730&sr=1-1
9780861631940,,https://www.bookdepository.com/The-Teddy-Bears-Tail-and-Other-Stories-Enid-Blyton-Dorothy-Hamilton/9780861631940
9780723275848,,https://www.bookdepository.com/Peppa-Pig-Peppas-Pumpkin-Party-Peppa-Pig/9780723275848
9780746074619,,https://www.bookdepository.com/Illustrated-Stories-for-Boys-Various/9780746074619?ref=grid-view&qid=1656922674353&sr=1-3
9781909090859,,https://www.bookdepository.com/Flip-Flap---Things-That-Go-Philip-Dauncey-Fhiona-Galloway/9781909090859
9781529023541,,https://www.bookdepository.com/Hide-Seek-Pig-Julia-Donaldson/9781529023541?ref=grid-view&qid=1656924715517&sr=1-2
9781846465901,,https://www.bookdepository.com/Shrek/9781846465901
9781409300151,,https://www.bookdepository.com/Peppas-Perfect-Day/9781409300151
9781409507024,,https://www.bookdepository.com/Bedtime-Stories-for-Little-Children-Jenny-Tyler-Various/9781409507024
9781407589374,,https://www.bookdepository.com/Disney-Diecut-Classic-Mickey-Parragon-Books-Ltd/9781407589374
9781407589152,,https://www.bookdepository.com/Disney---The-Jungle-Book-Parragon-Books-Ltd/9781407589152
9780340997130,,https://www.bookdepository.com/Felicity-Wishes-When-The-Magic-Began-Emma-Thomson/9780340997130
9781407163413,,https://www.bookdepository.com/LEGO-DC-Superheroes-Space-Justice/9781407163413
9781405470872,,https://www.bookdepository.com/Disney-Magical-Story/9781405470872
9781474852906,,https://www.bookdepository.com/Disney-Moana-Magical-Story-Parragon-Books-Ltd/9781474852906
9781474832885,,https://www.bookdepository.com/Disney-Pixar-Finding-Nemo-The-Original-Magical-Story-Parragon-Books-Ltd/9781474832885
9781474806381,,https://www.bookdepository.com/Finding-Nemo/9781474806381
9781838526283,,https://www.bookdepository.com/Disney-Frozen-2-Autumn-Publishing/9781838526283
9780008259679,,https://www.bookdepository.com/The-Worlds-Worst-Children-2-David-Walliams-Tony-Ross/9780008259679
9781444924862,,https://www.bookdepository.com/The-Naughtiest-Girl-Collection-2-Enid-Blyton-Anne-Digby/9781444924862
9780141373027,,https://www.bookdepository.com/Diary-Wimpy-Kid-Double-Down-Book-11-Jeff-Kinney/9780141373027?ref=grid-view&qid=1656925320064&sr=1-4
9789351032991,,https://www.bookdepository.com/The-Brilliant-World-of-Tom-Gates-L-Pichon/9789351032991
9781405293747,,https://www.bookdepository.com/Whats-for-Dinner-Mr-Gum-Andy-Stanton/9781405293747?ref=grid-view&qid=1656925378071&sr=1-2
9781536208689,,https://www.bookdepository.com/Tom-Gates-Is-Absolutely-Fantastic-at-Some-Things-L-Pichon/9781536208689?ref=grid-view&qid=1656925437636&sr=1-3
9781406335835,,https://www.bookdepository.com/Judy-Moody-Gets-Famous-Megan-McDonald-Peter-H-Reynolds/9781406335835
9780142410356,,https://www.bookdepository.com/Georges-Marvelous-Medicine-Roald-Dahl/9780142410356?ref=grid-view&qid=1656925515820&sr=1-2
9780241368206,,https://www.bookdepository.com/Ladybird-Readers-Level-1-Roald-Dahl-Twits-ELT-Graded-Reader-Roald-Dahl/9780241368206?ref=grid-view&qid=1656925595122&sr=1-2
9780763648633,,https://www.bookdepository.com/Judy-Moody-Around-World-8-1-2-Days-Megan-McDonald/9780763648633?ref=grid-view&qid=1656925646772&sr=1-3
9780142410332,,https://www.bookdepository.com/Danny-Champion-World-Roald-Dahl/9780142410332?ref=grid-view&qid=1656925710503&sr=1-1
9781405223102,,https://www.bookdepository.com/Youre-Bad-Man-Mr-Gum-Andy-Stanton-David-Tazzyman/9781405223102
9781405275699,,https://www.bookdepository.com/The-Mysteries-Collection-Volume-2-Enid-Blyton/9781405275699
9781405224086,,https://www.bookdepository.com/Last-Term-at-Malory-Towers-Enid-Blyton/9781405224086?ref=grid-view&qid=1656925857889&sr=1-2
9780141357027,,https://www.bookdepository.com/Diary-of-Wimpy-Kid-The-Long-Haul-Book-9-Jeff-Kinney/9780141357027
9780141341880,,https://www.bookdepository.com/Diary-of-Wimpy-Kid-Cabin-Fever-Jeff-Kinney/9780141341880
9781536200768,,https://www.bookdepository.com/Judy-Moody-Declares-Independence-Megan-McDonald/9781536200768?ref=grid-view&qid=1656925928772&sr=1-4
9781444965575,,https://www.bookdepository.com/Famous-Five-Adventures-Collection-Enid-Blyton/9781444965575?ref=grid-view&qid=1656926052748&sr=1-2
9780006716679,,https://www.bookdepository.com/The-Magicians-Nephew-C-S-Lewis/9780006716679
9780861635917,,https://www.bookdepository.com/The-Brave-Little-Puppy-and-Other-Stories-Enid-Blyton-Janet-Wickham/9780861635917
9780340917763,,https://www.bookdepository.com/Naughtiest-Girl-Well-Done-Naughtiest-Girl-Anne-Digby/9780340917763?ref=grid-view&qid=1656926124431&sr=1-1
9780545481946,,https://www.bookdepository.com/Geronimo-Stilton-54-Get-Into-Gear-Stilton-Geronimo-Stilton/9780545481946?ref=grid-view&qid=1656926145201&sr=1-1
9780749732134,,https://www.bookdepository.com/The-Adventures-of-the-Wishing-chair-Enid-Blyton/9780749732134
9781444913439,,https://www.bookdepository.com/Secret-Seven-Secret-Seven-Enid-Blyton/9781444913439?ref=grid-view&qid=1656926215888&sr=1-2
9781597072397,,https://www.bookdepository.com/Geronimo-Stilton-7-Dinosaurs-in-Action-Geronimo-Stilton/9781597072397
9781405244732,,https://www.bookdepository.com/Summer-Term-at-Malory-Towers-Pamela-Cox/9781405244732?ref=grid-view&qid=1656926313670&sr=1-20
9781597071727,,https://www.bookdepository.com/Geronimo-Stilton-3-Coliseum-Con-Geronimo-Stilton/9781597071727?ref=grid-view&qid=1656926361623&sr=1-1
9780749746704,,https://www.bookdepository.com/Amelia-Jane-is-Naughty-Again-Enid-Blyton/9780749746704?ref=grid-view&qid=1656926468779&sr=1-1
9781409311751,,https://www.bookdepository.com/Ladybird-Singalong-Rhymes-Old-MacDonald-Had-Farm/9781409311751?ref=grid-view&qid=1656926351245&sr=1-12
9781409312192,,https://www.bookdepository.com/Ladybird-Singalong-Rhymes-If-Youre-Happy-You-Know-It/9781409312192?ref=grid-view&qid=1656926474635&sr=1-2
9780749747886,,https://www.bookdepository.com/Good-Idea-Amelia-Jane-Enid-Blyton/9780749747886
9780545393515,,https://www.bookdepository.com/Dragon-Prophecy-Geronimo-Stilton-Kingdom-Fantasy-4-Ger%C3%B3nimo-Stilton/9780545393515?ref=grid-view&qid=1656926590244&sr=1-1
9780439559737,,https://www.bookdepository.com/Its-Halloween-You-Fraidy-Mouse-Geronimo-Stilton-11-Geronimo-Stilton/9780439559737
9780545103688,,https://www.bookdepository.com/Singing-Sensation-Geronimo-Stilton-39-Geronimo-Stilton/9780545103688
9780545103718,,https://www.bookdepository.com/Mighty-Mount-Kilimanjaro-Geronimo-Stilton-41-Geronimo-Stilton/9780545103718?ref=grid-view&qid=1656926693086&sr=1-1
9781474822589,,https://www.bookdepository.com/Disney-Frozen-Book-CD-Parragon/9781474822589?ref=grid-view&qid=1656926692946&sr=1-26
9781338745405,,https://www.bookdepository.com/Get-Well-Eva-Branches-Book-Owl-Diaries-16-Rebecca-Elliott/9781338745405?ref=grid-view&qid=1656926745342&sr=1-1
9781338042887,,https://www.bookdepository.com/Search-for-Lightning-Dragon-Branches-Book-Dragon-Masters-7-Tracey-West/9781338042887?ref=grid-view&qid=1656926783890&sr=1-1
9780545393492,,https://www.bookdepository.com/Fright-Night-Creepella-Von-Cacklefur-5-Geronimo-Stilton/9780545393492
9781405230384,,https://www.bookdepository.com/Kitty-at-St-Clares-Pamela-Cox-Enid-Blyton/9781405230384
9781848772403,,https://www.bookdepository.com/The-Jolley-Rogers-and-the-Ghostly-Galleon-Jonny-Duddle/9781848772403
9781405270168,,https://www.bookdepository.com/Mysteries-Collection-1-Enid-Blyton/9781405270168?ref=grid-view&qid=1656926827681&sr=1-23
9781597073486,,https://www.bookdepository.com/Well-Always-Have-Paris-Geronimo-Stilton/9781597073486
9780007323135,,https://www.bookdepository.com/Magicians-Nephew-C-S-Lewis/9780007323135?ref=grid-view&qid=1656926884154&sr=1-4
9780545481915,,https://www.bookdepository.com/Mouse-Space-Geronimo-Stilton-52-Geronimo-Stilton/9780545481915?ref=grid-view&qid=1656926965237&sr=1-1
9780545825597,,https://www.bookdepository.com/Eva-New-Owl-Branches-Book-Owl-Diaries-4-Rebecca-Elliott/9780545825597?ref=grid-view&qid=1656927009139&sr=1-1
9780439559737,,https://www.bookdepository.com/Its-Halloween-You-Fraidy-Mouse-Geronimo-Stilton-11-Geronimo-Stilton/9780439559737?ref=grid-view&qid=1656927046322&sr=1-1
9781338163001,,https://www.bookdepository.com/Wildwood-Bakery-Branches-Book-Owl-Diaries-7-Rebecca-Elliott/9781338163001?ref=grid-view&qid=1656927076549&sr=1-1
9780545340977,,https://www.bookdepository.com/Mystery-Venice-Geronimo-Stilton-48-Geronimo-Stilton/9780545340977?ref=grid-view&qid=1656927122810&sr=1-1
9780439559720,,https://www.bookdepository.com/ALL-BECAUSE-CUP-COFFEE-GERONIMO-STILTON-10-Scholastic/9780439559720?ref=grid-view&qid=1656927158116&sr=1-1
9780545825573,,https://www.bookdepository.com/Woodland-Wedding-Branches-Book-Owl-Diaries-3-Rebecca-Elliott/9780545825573?ref=grid-view&qid=1656927187359&sr=1-1
9780571302567,,https://www.bookdepository.com/Squishy-McFluff-Secret-Santa-Pip-Jones/9780571302567?ref=grid-view&qid=1656927225689&sr=1-2
9781405239585,,https://www.bookdepository.com/The-Adventures-of-the-Wishing-Chair-Enid-Blyton-Mark-Beech/9781405239585
9780545253079,,https://www.bookdepository.com/The-Quest-for-Paradise-Geronimo-Stilton-the-Kingdom-of-Fantasy-2-Geronimo-Stilton/9780545253079
9780857809674,,https://www.bookdepository.com/My-First-Potty-Book--/9780857809674
9780603570490,,https://www.bookdepository.com/Thursday-Mr-Messy-Thats-Me/9780603570490
9780746099247,,https://www.bookdepository.com/Illustrated-Classics-for-Girls-Various/9780746099247
9780241375877,,https://www.bookdepository.com/Peppa-Pig-Police-Car-Peppa-Pig/9780241375877
9781782263586,,https://www.bookdepository.com/Cat-Mouse-Haunted-House-Geronimo-Stilton/9781782263586?ref=grid-view&qid=1656927488208&sr=1-2
9781405244763,,https://www.bookdepository.com/Secrets-at-Malory-Towers-Enid-Blyton/9781405244763?ref=grid-view&qid=1656927539841&sr=1-2
9781787724082,,https://www.bookdepository.com/Meow-Says-Kitten-Bookoli-Limited-Ian-Dutton/9781787724082
9780545556248,,https://www.bookdepository.com/Thea-Stilton-Special-Edition-The-Secret-of-the-Fairies-Thea-Stilton/9780545556248
9781845065928,,https://www.bookdepository.com/Very-Ticklish-Tiger-Jack-Tickle/9781845065928?ref=grid-view&qid=1656927634109&sr=1-1
9781741826265,,https://www.bookdepository.com/My-Treasury-Five-Minute-Tales-Suzannah-Pierce/9781741826265?ref=grid-view&qid=1656927789123&sr=1-1
9780709716518,,https://www.bookdepository.com/Abc-and-Counting--/9780709716518
9781850512660,,https://www.bookdepository.com/Bedtime-Story-Book-Enid-Blyton/9781850512660
9780746088609,,https://www.bookdepository.com/Stories-for-Little-Girls-Various/9780746088609
9781856973854,,https://www.bookdepository.com/Kingfisher-Visual-Encyclopedia-of-Science-Brian-Williams-Etc/9781856973854
9781474816564,,https://www.bookdepository.com/Disney-Pixar-Storybook-Collection-Parragon-Books-Ltd/9781474816564
9780007137282,,https://www.bookdepository.com/How-Do-Dinosaurs-Say-Good-Night-Jane-Yolen/9780007137282?ref=grid-view&qid=1656927987336&sr=1-1
9781474868518,,https://www.bookdepository.com/Disney-Princess-Beauty-and-the-Beast-Parragon-Books-Ltd/9781474868518
9781445409955,,https://www.bookdepository.com/Disney-Classics---Winnie-the-Pooh-the-Movie-Parragon-Books-Ltd/9781445409955
9781781865798,,https://www.bookdepository.com/Disney-Monsters-University-Classic-Storybook-Parragon-Books-Ltd/9781781865798
9781444002263,,https://www.bookdepository.com/Horrid-Henrys-Z-Everything-Horrid-Francesca-Simon/9781444002263?ref=grid-view&qid=1656928122536&sr=1-1
9780603570582,,https://www.bookdepository.com/Enid-Blyton-Magical-Collection/9780603570582
9781474921336,,https://www.bookdepository.com/Look-Find-Cats-Dogs-Kirsteen-Robson/9781474921336?ref=grid-view&qid=1656928191441&sr=1-1
9781910114513,,https://www.bookdepository.com/Minions-Draculas-Last-Birthday/9781910114513?ref=grid-view&qid=1656928269402&sr=1-3
9781783123681,,https://www.bookdepository.com/Unicorns-Magical-Horses-Katherine-Roberts/9781783123681?ref=grid-view&qid=1656928346457&sr=1-1
9781406332254,,https://www.bookdepository.com/Oh-No-George-Chris-Haughton/9781406332254
9788184822243,,https://www.bookdepository.com/Brave-Women-of-India-Anant-Pai/9788184822243
9788184823844,,https://www.bookdepository.com/Poets-and-Thinkers-Anant-Pai/9788184823844
9781509806973,,https://www.bookdepository.com/Tickle-Book-Ian-Whybrow/9781509806973?ref=grid-view&qid=1656928648492&sr=1-1
9781529023473,,bookdepository.com/Foxs-Socks-Julia-Donaldson/9781529023473?ref=grid-view&qid=1656928678423&sr=1-1
9781406382372,,https://www.bookdepository.com/Clap-Hands-Helen-Oxenbury/9781406382372?ref=grid-view&qid=1656928718397&sr=1-1
9780099408390,,https://www.bookdepository.com/Where-Wild-Things-Are-Maurice-Sendak/9780099408390?ref=grid-view&qid=1656928997397&sr=1-1
9780744586602,,https://www.bookdepository.com/Youre-All-My-Favourites-McBratney-Sam/9780744586602?ref=grid-view&qid=1656929034573&sr=1-10